{
  "base_stock_stationary": {
    "S_levels": [
      15,
      15,
      15
    ],
    "mean_cost": 1411.8933333333334
  },
  "ss_policy_stationary": {
    "s_levels": [
      15,
      15,
      15
    ],
    "S_levels": [
      20,
      20,
      20
    ],
    "mean_cost": 1764.98
  },
  "base_stock_nonstationary": {
    "S_levels": [
      30,
      30,
      30
    ],
    "mean_cost": 4161.566666666667
  },
  "ss_policy_nonstationary": {
    "s_levels": [
      15,
      15,
      15
    ],
    "S_levels": [
      30,
      25,
      30
    ],
    "mean_cost": 4857.553333333333
  }
}